model,method,hyperparameter,seed,eval_index,step,forward_passes,dev_loss
opt-125m,MeZO,1e-4,0,1,300,600,0.912520
opt-125m,MeZO,1e-4,0,2,600,1200,0.828913
opt-125m,MeZO,1e-4,0,3,900,1800,0.881370
opt-125m,MeZO,1e-4,0,4,1200,2400,1.104329
opt-125m,MeZO,1e-4,0,5,1500,3000,0.993400
opt-125m,MeZO,1e-4,0,6,1800,3600,0.996108
opt-125m,MeZO,1e-4,0,7,2100,4200,0.840838
opt-125m,MeZO,1e-4,0,8,2400,4800,1.080498
opt-125m,MeZO,1e-4,0,9,2700,5400,0.883997
opt-125m,MeZO,1e-4,0,10,3000,6000,1.090950
opt-125m,MeZO,1e-4,0,11,3300,6600,0.962099
opt-125m,MeZO,1e-4,0,12,3600,7200,1.015468
opt-125m,MeZO,1e-4,0,13,3900,7800,1.027039
opt-125m,MeZO,1e-4,0,14,4200,8400,1.136345
opt-125m,MeZO,1e-4,1,1,300,600,0.880267
opt-125m,MeZO,1e-4,1,2,600,1200,0.939272
opt-125m,MeZO,1e-4,1,3,900,1800,0.884768
opt-125m,MeZO,1e-4,1,4,1200,2400,0.876013
opt-125m,MeZO,1e-4,1,5,1500,3000,0.889197
opt-125m,MeZO,1e-4,1,6,1800,3600,0.909983
opt-125m,MeZO,1e-4,1,7,2100,4200,0.899399
opt-125m,MeZO,1e-4,1,8,2400,4800,0.889750
opt-125m,MeZO,1e-4,1,9,2700,5400,0.848146
opt-125m,MeZO,1e-4,1,10,3000,6000,0.893081
opt-125m,MeZO,1e-4,1,11,3300,6600,0.931947
opt-125m,MeZO,1e-4,1,12,3600,7200,0.862240
opt-125m,MeZO,1e-4,1,13,3900,7800,1.010529
opt-125m,MeZO,1e-4,1,14,4200,8400,0.928739
opt-125m,MeZO,1e-4,2,1,300,600,0.804929
opt-125m,MeZO,1e-4,2,2,600,1200,0.860537
opt-125m,MeZO,1e-4,2,3,900,1800,0.795957
opt-125m,MeZO,1e-4,2,4,1200,2400,0.758575
opt-125m,MeZO,1e-4,2,5,1500,3000,0.754283
opt-125m,MeZO,1e-4,2,6,1800,3600,0.846145
opt-125m,MeZO,1e-4,2,7,2100,4200,0.765427
opt-125m,MeZO,1e-4,2,8,2400,4800,0.815756
opt-125m,MeZO,1e-4,2,9,2700,5400,0.875700
opt-125m,MeZO,1e-4,2,10,3000,6000,0.804967
opt-125m,MeZO,1e-4,2,11,3300,6600,0.809161
opt-125m,MeZO,1e-4,2,12,3600,7200,0.875622
opt-125m,MeZO,1e-4,2,13,3900,7800,0.830019
opt-125m,MeZO,1e-4,2,14,4200,8400,0.770973
opt-125m,MeZO,1e-5,0,1,300,600,1.035192
opt-125m,MeZO,1e-5,0,2,600,1200,0.833140
opt-125m,MeZO,1e-5,0,3,900,1800,0.853815
opt-125m,MeZO,1e-5,0,4,1200,2400,0.852095
opt-125m,MeZO,1e-5,0,5,1500,3000,0.853691
opt-125m,MeZO,1e-5,0,6,1800,3600,0.850719
opt-125m,MeZO,1e-5,0,7,2100,4200,0.874271
opt-125m,MeZO,1e-5,0,8,2400,4800,0.846621
opt-125m,MeZO,1e-5,0,9,2700,5400,0.819208
opt-125m,MeZO,1e-5,0,10,3000,6000,0.840106
opt-125m,MeZO,1e-5,0,11,3300,6600,0.875681
opt-125m,MeZO,1e-5,0,12,3600,7200,0.834027
opt-125m,MeZO,1e-5,0,13,3900,7800,0.835528
opt-125m,MeZO,1e-5,0,14,4200,8400,0.809587
opt-125m,MeZO,1e-5,1,1,300,600,0.932532
opt-125m,MeZO,1e-5,1,2,600,1200,0.908865
opt-125m,MeZO,1e-5,1,3,900,1800,0.887034
opt-125m,MeZO,1e-5,1,4,1200,2400,0.920333
opt-125m,MeZO,1e-5,1,5,1500,3000,0.869080
opt-125m,MeZO,1e-5,1,6,1800,3600,0.919339
opt-125m,MeZO,1e-5,1,7,2100,4200,0.927253
opt-125m,MeZO,1e-5,1,8,2400,4800,0.899482
opt-125m,MeZO,1e-5,1,9,2700,5400,0.897564
opt-125m,MeZO,1e-5,1,10,3000,6000,0.843588
opt-125m,MeZO,1e-5,1,11,3300,6600,0.853912
opt-125m,MeZO,1e-5,1,12,3600,7200,0.824194
opt-125m,MeZO,1e-5,1,13,3900,7800,0.854082
opt-125m,MeZO,1e-5,1,14,4200,8400,0.851933
opt-125m,MeZO,1e-5,2,1,300,600,0.852137
opt-125m,MeZO,1e-5,2,2,600,1200,0.845569
opt-125m,MeZO,1e-5,2,3,900,1800,0.783944
opt-125m,MeZO,1e-5,2,4,1200,2400,0.784401
opt-125m,MeZO,1e-5,2,5,1500,3000,0.748991
opt-125m,MeZO,1e-5,2,6,1800,3600,0.817041
opt-125m,MeZO,1e-5,2,7,2100,4200,0.760128
opt-125m,MeZO,1e-5,2,8,2400,4800,0.763355
opt-125m,MeZO,1e-5,2,9,2700,5400,0.687038
opt-125m,MeZO,1e-5,2,10,3000,6000,0.761679
opt-125m,MeZO,1e-5,2,11,3300,6600,0.810244
opt-125m,MeZO,1e-5,2,12,3600,7200,0.841881
opt-125m,MeZO,1e-5,2,13,3900,7800,0.781758
opt-125m,MeZO,1e-5,2,14,4200,8400,0.765539
opt-125m,MeZO,1e-6,0,1,300,600,0.851352
opt-125m,MeZO,1e-6,0,2,600,1200,0.772060
opt-125m,MeZO,1e-6,0,3,900,1800,0.753299
opt-125m,MeZO,1e-6,0,4,1200,2400,0.720525
opt-125m,MeZO,1e-6,0,5,1500,3000,0.718027
opt-125m,MeZO,1e-6,0,6,1800,3600,0.718208
opt-125m,MeZO,1e-6,0,7,2100,4200,0.713112
opt-125m,MeZO,1e-6,0,8,2400,4800,0.704452
opt-125m,MeZO,1e-6,0,9,2700,5400,0.704324
opt-125m,MeZO,1e-6,0,10,3000,6000,0.712486
opt-125m,MeZO,1e-6,0,11,3300,6600,0.711724
opt-125m,MeZO,1e-6,0,12,3600,7200,0.708048
opt-125m,MeZO,1e-6,0,13,3900,7800,0.701036
opt-125m,MeZO,1e-6,0,14,4200,8400,0.699283
opt-125m,MeZO,1e-6,1,1,300,600,0.909547
opt-125m,MeZO,1e-6,1,2,600,1200,0.849101
opt-125m,MeZO,1e-6,1,3,900,1800,0.836998
opt-125m,MeZO,1e-6,1,4,1200,2400,0.819527
opt-125m,MeZO,1e-6,1,5,1500,3000,0.798468
opt-125m,MeZO,1e-6,1,6,1800,3600,0.767009
opt-125m,MeZO,1e-6,1,7,2100,4200,0.776445
opt-125m,MeZO,1e-6,1,8,2400,4800,0.769110
opt-125m,MeZO,1e-6,1,9,2700,5400,0.765471
opt-125m,MeZO,1e-6,1,10,3000,6000,0.773116
opt-125m,MeZO,1e-6,1,11,3300,6600,0.788180
opt-125m,MeZO,1e-6,1,12,3600,7200,0.786362
opt-125m,MeZO,1e-6,1,13,3900,7800,0.789789
opt-125m,MeZO,1e-6,1,14,4200,8400,0.783995
opt-125m,MeZO,1e-6,2,1,300,600,0.816504
opt-125m,MeZO,1e-6,2,2,600,1200,0.784571
opt-125m,MeZO,1e-6,2,3,900,1800,0.724554
opt-125m,MeZO,1e-6,2,4,1200,2400,0.690946
opt-125m,MeZO,1e-6,2,5,1500,3000,0.676614
opt-125m,MeZO,1e-6,2,6,1800,3600,0.673641
opt-125m,MeZO,1e-6,2,7,2100,4200,0.649398
opt-125m,MeZO,1e-6,2,8,2400,4800,0.641263
opt-125m,MeZO,1e-6,2,9,2700,5400,0.635101
opt-125m,MeZO,1e-6,2,10,3000,6000,0.632063
opt-125m,MeZO,1e-6,2,11,3300,6600,0.615056
opt-125m,MeZO,1e-6,2,12,3600,7200,0.626162
opt-125m,MeZO,1e-6,2,13,3900,7800,0.617673
opt-125m,MeZO,1e-6,2,14,4200,8400,0.625171
opt-125m,MeZO,1e-7,0,1,300,600,0.994224
opt-125m,MeZO,1e-7,0,2,600,1200,0.969372
opt-125m,MeZO,1e-7,0,3,900,1800,0.951736
opt-125m,MeZO,1e-7,0,4,1200,2400,0.934686
opt-125m,MeZO,1e-7,0,5,1500,3000,0.923172
opt-125m,MeZO,1e-7,0,6,1800,3600,0.910470
opt-125m,MeZO,1e-7,0,7,2100,4200,0.899743
opt-125m,MeZO,1e-7,0,8,2400,4800,0.887042
opt-125m,MeZO,1e-7,0,9,2700,5400,0.877047
opt-125m,MeZO,1e-7,0,10,3000,6000,0.868160
opt-125m,MeZO,1e-7,0,11,3300,6600,0.859410
opt-125m,MeZO,1e-7,0,12,3600,7200,0.850569
opt-125m,MeZO,1e-7,0,13,3900,7800,0.840819
opt-125m,MeZO,1e-7,0,14,4200,8400,0.829490
opt-125m,MeZO,1e-7,1,1,300,600,1.023873
opt-125m,MeZO,1e-7,1,2,600,1200,1.000600
opt-125m,MeZO,1e-7,1,3,900,1800,0.986430
opt-125m,MeZO,1e-7,1,4,1200,2400,0.971820
opt-125m,MeZO,1e-7,1,5,1500,3000,0.954580
opt-125m,MeZO,1e-7,1,6,1800,3600,0.946107
opt-125m,MeZO,1e-7,1,7,2100,4200,0.937467
opt-125m,MeZO,1e-7,1,8,2400,4800,0.928177
opt-125m,MeZO,1e-7,1,9,2700,5400,0.917847
opt-125m,MeZO,1e-7,1,10,3000,6000,0.908548
opt-125m,MeZO,1e-7,1,11,3300,6600,0.897617
opt-125m,MeZO,1e-7,1,12,3600,7200,0.889443
opt-125m,MeZO,1e-7,1,13,3900,7800,0.881728
opt-125m,MeZO,1e-7,1,14,4200,8400,0.874144
opt-125m,MeZO,1e-7,2,1,300,600,0.913237
opt-125m,MeZO,1e-7,2,2,600,1200,0.900647
opt-125m,MeZO,1e-7,2,3,900,1800,0.887330
opt-125m,MeZO,1e-7,2,4,1200,2400,0.875293
opt-125m,MeZO,1e-7,2,5,1500,3000,0.866101
opt-125m,MeZO,1e-7,2,6,1800,3600,0.860985
opt-125m,MeZO,1e-7,2,7,2100,4200,0.853929
opt-125m,MeZO,1e-7,2,8,2400,4800,0.847704
opt-125m,MeZO,1e-7,2,9,2700,5400,0.839940
opt-125m,MeZO,1e-7,2,10,3000,6000,0.833979
opt-125m,MeZO,1e-7,2,11,3300,6600,0.825685
opt-125m,MeZO,1e-7,2,12,3600,7200,0.823274
opt-125m,MeZO,1e-7,2,13,3900,7800,0.816756
opt-125m,MeZO,1e-7,2,14,4200,8400,0.813854
opt-125m,MeZO,1e-8,0,1,300,600,1.020125
opt-125m,MeZO,1e-8,0,2,600,1200,1.017087
opt-125m,MeZO,1e-8,0,3,900,1800,1.014544
opt-125m,MeZO,1e-8,0,4,1200,2400,1.011926
opt-125m,MeZO,1e-8,0,5,1500,3000,1.009641
opt-125m,MeZO,1e-8,0,6,1800,3600,1.007054
opt-125m,MeZO,1e-8,0,7,2100,4200,1.004811
opt-125m,MeZO,1e-8,0,8,2400,4800,1.002155
opt-125m,MeZO,1e-8,0,9,2700,5400,0.999473
opt-125m,MeZO,1e-8,0,10,3000,6000,0.997227
opt-125m,MeZO,1e-8,0,11,3300,6600,0.995004
opt-125m,MeZO,1e-8,0,12,3600,7200,0.992594
opt-125m,MeZO,1e-8,0,13,3900,7800,0.990166
opt-125m,MeZO,1e-8,0,14,4200,8400,0.987154
opt-125m,MeZO,1e-8,1,1,300,600,1.044170
opt-125m,MeZO,1e-8,1,2,600,1200,1.041312
opt-125m,MeZO,1e-8,1,3,900,1800,1.039264
opt-125m,MeZO,1e-8,1,4,1200,2400,1.036871
opt-125m,MeZO,1e-8,1,5,1500,3000,1.033950
opt-125m,MeZO,1e-8,1,6,1800,3600,1.031940
opt-125m,MeZO,1e-8,1,7,2100,4200,1.030069
opt-125m,MeZO,1e-8,1,8,2400,4800,1.027967
opt-125m,MeZO,1e-8,1,9,2700,5400,1.025278
opt-125m,MeZO,1e-8,1,10,3000,6000,1.023010
opt-125m,MeZO,1e-8,1,11,3300,6600,1.020660
opt-125m,MeZO,1e-8,1,12,3600,7200,1.018216
opt-125m,MeZO,1e-8,1,13,3900,7800,1.016037
opt-125m,MeZO,1e-8,1,14,4200,8400,1.013785
opt-125m,MeZO,1e-8,2,1,300,600,0.932356
opt-125m,MeZO,1e-8,2,2,600,1200,0.930686
opt-125m,MeZO,1e-8,2,3,900,1800,0.928769
opt-125m,MeZO,1e-8,2,4,1200,2400,0.926815
opt-125m,MeZO,1e-8,2,5,1500,3000,0.924857
opt-125m,MeZO,1e-8,2,6,1800,3600,0.923293
opt-125m,MeZO,1e-8,2,7,2100,4200,0.921495
opt-125m,MeZO,1e-8,2,8,2400,4800,0.919888
opt-125m,MeZO,1e-8,2,9,2700,5400,0.917833
opt-125m,MeZO,1e-8,2,10,3000,6000,0.916199
opt-125m,MeZO,1e-8,2,11,3300,6600,0.914440
opt-125m,MeZO,1e-8,2,12,3600,7200,0.912908
opt-125m,MeZO,1e-8,2,13,3900,7800,0.911364
opt-125m,MeZO,1e-8,2,14,4200,8400,0.909916
opt-125m,MpSub,1.0,0,1,25,1050,0.757733
opt-125m,MpSub,1.0,0,2,50,2100,0.700386
opt-125m,MpSub,1.0,0,3,75,3150,0.751343
opt-125m,MpSub,1.0,0,4,100,4200,0.775034
opt-125m,MpSub,1.0,0,5,125,5250,0.806509
opt-125m,MpSub,1.0,0,6,150,6300,0.749374
opt-125m,MpSub,1.0,0,7,175,7350,1.102411
opt-125m,MpSub,1.0,0,8,200,8400,1.105166
opt-125m,MpSub,1.0,1,1,25,1050,0.712551
opt-125m,MpSub,1.0,1,2,50,2100,0.840898
opt-125m,MpSub,1.0,1,3,75,3150,0.742718
opt-125m,MpSub,1.0,1,4,100,4200,0.876781
opt-125m,MpSub,1.0,1,5,125,5250,0.771817
opt-125m,MpSub,1.0,1,6,150,6300,0.869961
opt-125m,MpSub,1.0,1,7,175,7350,0.757657
opt-125m,MpSub,1.0,1,8,200,8400,0.822415
opt-125m,MpSub,1.0,2,1,25,1050,0.754850
opt-125m,MpSub,1.0,2,2,50,2100,0.669733
opt-125m,MpSub,1.0,2,3,75,3150,0.676343
opt-125m,MpSub,1.0,2,4,100,4200,0.674080
opt-125m,MpSub,1.0,2,5,125,5250,0.661721
opt-125m,MpSub,1.0,2,6,150,6300,0.693943
opt-125m,MpSub,1.0,2,7,175,7350,0.689368
opt-125m,MpSub,1.0,2,8,200,8400,0.713432
opt-125m,MpSub,10.0,0,1,25,1050,0.953870
opt-125m,MpSub,10.0,0,2,50,2100,1.103834
opt-125m,MpSub,10.0,0,3,75,3150,1.000906
opt-125m,MpSub,10.0,0,4,100,4200,1.024187
opt-125m,MpSub,10.0,0,5,125,5250,0.879212
opt-125m,MpSub,10.0,0,6,150,6300,0.853025
opt-125m,MpSub,10.0,0,7,175,7350,0.851421
opt-125m,MpSub,10.0,0,8,200,8400,1.138291
opt-125m,MpSub,10.0,1,1,25,1050,0.866862
opt-125m,MpSub,10.0,1,2,50,2100,0.881012
opt-125m,MpSub,10.0,1,3,75,3150,1.455532
opt-125m,MpSub,10.0,1,4,100,4200,0.860138
opt-125m,MpSub,10.0,1,5,125,5250,0.951835
opt-125m,MpSub,10.0,1,6,150,6300,1.074642
opt-125m,MpSub,10.0,1,7,175,7350,0.858220
opt-125m,MpSub,10.0,1,8,200,8400,0.876385
opt-125m,MpSub,10.0,2,1,25,1050,0.825969
opt-125m,MpSub,10.0,2,2,50,2100,0.933741
opt-125m,MpSub,10.0,2,3,75,3150,0.833441
opt-125m,MpSub,10.0,2,4,100,4200,0.819584
opt-125m,MpSub,10.0,2,5,125,5250,0.934706
opt-125m,MpSub,10.0,2,6,150,6300,0.818673
opt-125m,MpSub,10.0,2,7,175,7350,0.828639
opt-125m,MpSub,10.0,2,8,200,8400,0.819176
opt-125m,MpSub,1e-1,0,1,25,1050,0.840098
opt-125m,MpSub,1e-1,0,2,50,2100,0.796515
opt-125m,MpSub,1e-1,0,3,75,3150,0.741755
opt-125m,MpSub,1e-1,0,4,100,4200,0.718943
opt-125m,MpSub,1e-1,0,5,125,5250,0.701376
opt-125m,MpSub,1e-1,0,6,150,6300,0.680449
opt-125m,MpSub,1e-1,0,7,175,7350,0.685133
opt-125m,MpSub,1e-1,0,8,200,8400,0.677803
opt-125m,MpSub,1e-1,1,1,25,1050,0.886769
opt-125m,MpSub,1e-1,1,2,50,2100,0.855447
opt-125m,MpSub,1e-1,1,3,75,3150,0.793171
opt-125m,MpSub,1e-1,1,4,100,4200,0.772195
opt-125m,MpSub,1e-1,1,5,125,5250,0.747467
opt-125m,MpSub,1e-1,1,6,150,6300,0.741157
opt-125m,MpSub,1e-1,1,7,175,7350,0.729435
opt-125m,MpSub,1e-1,1,8,200,8400,0.722646
opt-125m,MpSub,1e-1,2,1,25,1050,0.815547
opt-125m,MpSub,1e-1,2,2,50,2100,0.787274
opt-125m,MpSub,1e-1,2,3,75,3150,0.744201
opt-125m,MpSub,1e-1,2,4,100,4200,0.706713
opt-125m,MpSub,1e-1,2,5,125,5250,0.670337
opt-125m,MpSub,1e-1,2,6,150,6300,0.651983
opt-125m,MpSub,1e-1,2,7,175,7350,0.640148
opt-125m,MpSub,1e-1,2,8,200,8400,0.620065
opt-125m,MpSub,3.0,0,1,25,1050,1.403942
opt-125m,MpSub,3.0,0,2,50,2100,0.874762
opt-125m,MpSub,3.0,0,3,75,3150,0.977875
opt-125m,MpSub,3.0,0,4,100,4200,0.922777
opt-125m,MpSub,3.0,0,5,125,5250,0.868650
opt-125m,MpSub,3.0,0,6,150,6300,0.827969
opt-125m,MpSub,3.0,0,7,175,7350,0.850794
opt-125m,MpSub,3.0,0,8,200,8400,1.053304
opt-125m,MpSub,3.0,1,1,25,1050,0.982104
opt-125m,MpSub,3.0,1,2,50,2100,0.900512
opt-125m,MpSub,3.0,1,3,75,3150,0.966847
opt-125m,MpSub,3.0,1,4,100,4200,0.892211
opt-125m,MpSub,3.0,1,5,125,5250,0.859529
opt-125m,MpSub,3.0,1,6,150,6300,1.030162
opt-125m,MpSub,3.0,1,7,175,7350,0.884156
opt-125m,MpSub,3.0,1,8,200,8400,0.830049
opt-125m,MpSub,3.0,2,1,25,1050,1.270868
opt-125m,MpSub,3.0,2,2,50,2100,1.049178
opt-125m,MpSub,3.0,2,3,75,3150,0.835873
opt-125m,MpSub,3.0,2,4,100,4200,0.873979
opt-125m,MpSub,3.0,2,5,125,5250,0.966103
opt-125m,MpSub,3.0,2,6,150,6300,0.808584
opt-125m,MpSub,3.0,2,7,175,7350,0.808665
opt-125m,MpSub,3.0,2,8,200,8400,0.896828
opt-125m,MpSub,3e-1,0,1,25,1050,0.761791
opt-125m,MpSub,3e-1,0,2,50,2100,0.731187
opt-125m,MpSub,3e-1,0,3,75,3150,0.678605
opt-125m,MpSub,3e-1,0,4,100,4200,0.690250
opt-125m,MpSub,3e-1,0,5,125,5250,0.724173
opt-125m,MpSub,3e-1,0,6,150,6300,0.686819
opt-125m,MpSub,3e-1,0,7,175,7350,0.760496
opt-125m,MpSub,3e-1,0,8,200,8400,0.719711
opt-125m,MpSub,3e-1,1,1,25,1050,0.783198
opt-125m,MpSub,3e-1,1,2,50,2100,0.761085
opt-125m,MpSub,3e-1,1,3,75,3150,0.710872
opt-125m,MpSub,3e-1,1,4,100,4200,0.717486
opt-125m,MpSub,3e-1,1,5,125,5250,0.689005
opt-125m,MpSub,3e-1,1,6,150,6300,0.709820
opt-125m,MpSub,3e-1,1,7,175,7350,0.689966
opt-125m,MpSub,3e-1,1,8,200,8400,0.659756
opt-125m,MpSub,3e-1,2,1,25,1050,0.727112
opt-125m,MpSub,3e-1,2,2,50,2100,0.637673
opt-125m,MpSub,3e-1,2,3,75,3150,0.632206
opt-125m,MpSub,3e-1,2,4,100,4200,0.603731
opt-125m,MpSub,3e-1,2,5,125,5250,0.587192
opt-125m,MpSub,3e-1,2,6,150,6300,0.587356
opt-125m,MpSub,3e-1,2,7,175,7350,0.594753
opt-125m,MpSub,3e-1,2,8,200,8400,0.573949
opt-350m,MeZO,1e-5,0,1,300,600,1.690782
opt-350m,MeZO,1e-5,0,2,600,1200,10.929435
opt-350m,MeZO,1e-5,0,3,900,1800,3.697035
opt-350m,MeZO,1e-5,0,4,1200,2400,2.073163
opt-350m,MeZO,1e-5,0,5,1500,3000,6.552647
opt-350m,MeZO,1e-5,0,6,1800,3600,1.944630
opt-350m,MeZO,1e-5,0,7,2100,4200,1.436836
opt-350m,MeZO,1e-5,0,8,2400,4800,5.967058
opt-350m,MeZO,1e-5,0,9,2700,5400,5.983047
opt-350m,MeZO,1e-5,0,10,3000,6000,42.753101
opt-350m,MeZO,1e-5,0,11,3300,6600,15.923452
opt-350m,MeZO,1e-5,0,12,3600,7200,12.672737
opt-350m,MeZO,1e-5,0,13,3900,7800,37.560558
opt-350m,MeZO,1e-5,0,14,4200,8400,29.609535
opt-350m,MeZO,1e-5,1,1,300,600,2.661854
opt-350m,MeZO,1e-5,1,2,600,1200,1.186043
opt-350m,MeZO,1e-5,1,3,900,1800,2.434364
opt-350m,MeZO,1e-5,1,4,1200,2400,2.464975
opt-350m,MeZO,1e-5,1,5,1500,3000,1.216761
opt-350m,MeZO,1e-5,1,6,1800,3600,5.762992
opt-350m,MeZO,1e-5,1,7,2100,4200,2.717329
opt-350m,MeZO,1e-5,1,8,2400,4800,20.476524
opt-350m,MeZO,1e-5,1,9,2700,5400,6.127851
opt-350m,MeZO,1e-5,1,10,3000,6000,57.071999
opt-350m,MeZO,1e-5,1,11,3300,6600,17.413322
opt-350m,MeZO,1e-5,1,12,3600,7200,12.742842
opt-350m,MeZO,1e-5,1,13,3900,7800,6.490552
opt-350m,MeZO,1e-5,1,14,4200,8400,21.026548
opt-350m,MeZO,1e-5,2,1,300,600,0.844031
opt-350m,MeZO,1e-5,2,2,600,1200,0.817045
opt-350m,MeZO,1e-5,2,3,900,1800,1.653467
opt-350m,MeZO,1e-5,2,4,1200,2400,2.363038
opt-350m,MeZO,1e-5,2,5,1500,3000,10.340961
opt-350m,MeZO,1e-5,2,6,1800,3600,21.149317
opt-350m,MeZO,1e-5,2,7,2100,4200,12.648107
opt-350m,MeZO,1e-5,2,8,2400,4800,2.608731
opt-350m,MeZO,1e-5,2,9,2700,5400,3.368530
opt-350m,MeZO,1e-5,2,10,3000,6000,28.903070
opt-350m,MeZO,1e-5,2,11,3300,6600,22.258129
opt-350m,MeZO,1e-5,2,12,3600,7200,7.910054
opt-350m,MeZO,1e-5,2,13,3900,7800,11.586638
opt-350m,MeZO,1e-5,2,14,4200,8400,4.272644
opt-350m,MeZO,1e-6,0,1,300,600,0.802887
opt-350m,MeZO,1e-6,0,2,600,1200,0.759815
opt-350m,MeZO,1e-6,0,3,900,1800,0.725871
opt-350m,MeZO,1e-6,0,4,1200,2400,0.719421
opt-350m,MeZO,1e-6,0,5,1500,3000,0.694489
opt-350m,MeZO,1e-6,0,6,1800,3600,0.686033
opt-350m,MeZO,1e-6,0,7,2100,4200,0.698547
opt-350m,MeZO,1e-6,0,8,2400,4800,0.698678
opt-350m,MeZO,1e-6,0,9,2700,5400,0.695939
opt-350m,MeZO,1e-6,0,10,3000,6000,0.665751
opt-350m,MeZO,1e-6,0,11,3300,6600,0.684239
opt-350m,MeZO,1e-6,0,12,3600,7200,0.702122
opt-350m,MeZO,1e-6,0,13,3900,7800,0.710131
opt-350m,MeZO,1e-6,0,14,4200,8400,0.712367
opt-350m,MeZO,1e-6,1,1,300,600,0.852599
opt-350m,MeZO,1e-6,1,2,600,1200,0.832448
opt-350m,MeZO,1e-6,1,3,900,1800,0.815498
opt-350m,MeZO,1e-6,1,4,1200,2400,0.801300
opt-350m,MeZO,1e-6,1,5,1500,3000,0.768396
opt-350m,MeZO,1e-6,1,6,1800,3600,0.773842
opt-350m,MeZO,1e-6,1,7,2100,4200,0.766854
opt-350m,MeZO,1e-6,1,8,2400,4800,0.765399
opt-350m,MeZO,1e-6,1,9,2700,5400,0.743267
opt-350m,MeZO,1e-6,1,10,3000,6000,0.744243
opt-350m,MeZO,1e-6,1,11,3300,6600,0.774901
opt-350m,MeZO,1e-6,1,12,3600,7200,0.753552
opt-350m,MeZO,1e-6,1,13,3900,7800,0.769879
opt-350m,MeZO,1e-6,1,14,4200,8400,0.742895
opt-350m,MeZO,1e-6,2,1,300,600,0.832419
opt-350m,MeZO,1e-6,2,2,600,1200,0.808313
opt-350m,MeZO,1e-6,2,3,900,1800,0.753464
opt-350m,MeZO,1e-6,2,4,1200,2400,0.730908
opt-350m,MeZO,1e-6,2,5,1500,3000,0.714681
opt-350m,MeZO,1e-6,2,6,1800,3600,0.682690
opt-350m,MeZO,1e-6,2,7,2100,4200,0.655733
opt-350m,MeZO,1e-6,2,8,2400,4800,0.655791
opt-350m,MeZO,1e-6,2,9,2700,5400,0.639512
opt-350m,MeZO,1e-6,2,10,3000,6000,0.626730
opt-350m,MeZO,1e-6,2,11,3300,6600,0.624465
opt-350m,MeZO,1e-6,2,12,3600,7200,0.602525
opt-350m,MeZO,1e-6,2,13,3900,7800,0.586302
opt-350m,MeZO,1e-6,2,14,4200,8400,0.582012
opt-350m,MeZO,1e-7,0,1,300,600,0.894401
opt-350m,MeZO,1e-7,0,2,600,1200,0.877222
opt-350m,MeZO,1e-7,0,3,900,1800,0.860790
opt-350m,MeZO,1e-7,0,4,1200,2400,0.855511
opt-350m,MeZO,1e-7,0,5,1500,3000,0.840722
opt-350m,MeZO,1e-7,0,6,1800,3600,0.830275
opt-350m,MeZO,1e-7,0,7,2100,4200,0.819133
opt-350m,MeZO,1e-7,0,8,2400,4800,0.811477
opt-350m,MeZO,1e-7,0,9,2700,5400,0.803356
opt-350m,MeZO,1e-7,0,10,3000,6000,0.794677
opt-350m,MeZO,1e-7,0,11,3300,6600,0.789836
opt-350m,MeZO,1e-7,0,12,3600,7200,0.789024
opt-350m,MeZO,1e-7,0,13,3900,7800,0.788330
opt-350m,MeZO,1e-7,0,14,4200,8400,0.781747
opt-350m,MeZO,1e-7,1,1,300,600,0.935434
opt-350m,MeZO,1e-7,1,2,600,1200,0.923298
opt-350m,MeZO,1e-7,1,3,900,1800,0.911754
opt-350m,MeZO,1e-7,1,4,1200,2400,0.902897
opt-350m,MeZO,1e-7,1,5,1500,3000,0.892103
opt-350m,MeZO,1e-7,1,6,1800,3600,0.885780
opt-350m,MeZO,1e-7,1,7,2100,4200,0.879022
opt-350m,MeZO,1e-7,1,8,2400,4800,0.874055
opt-350m,MeZO,1e-7,1,9,2700,5400,0.867763
opt-350m,MeZO,1e-7,1,10,3000,6000,0.862930
opt-350m,MeZO,1e-7,1,11,3300,6600,0.858598
opt-350m,MeZO,1e-7,1,12,3600,7200,0.854672
opt-350m,MeZO,1e-7,1,13,3900,7800,0.852017
opt-350m,MeZO,1e-7,1,14,4200,8400,0.847222
opt-350m,MeZO,1e-7,2,1,300,600,0.881030
opt-350m,MeZO,1e-7,2,2,600,1200,0.874537
opt-350m,MeZO,1e-7,2,3,900,1800,0.860184
opt-350m,MeZO,1e-7,2,4,1200,2400,0.853289
opt-350m,MeZO,1e-7,2,5,1500,3000,0.848385
opt-350m,MeZO,1e-7,2,6,1800,3600,0.839048
opt-350m,MeZO,1e-7,2,7,2100,4200,0.826234
opt-350m,MeZO,1e-7,2,8,2400,4800,0.820072
opt-350m,MeZO,1e-7,2,9,2700,5400,0.811595
opt-350m,MeZO,1e-7,2,10,3000,6000,0.804604
opt-350m,MeZO,1e-7,2,11,3300,6600,0.804095
opt-350m,MeZO,1e-7,2,12,3600,7200,0.792856
opt-350m,MeZO,1e-7,2,13,3900,7800,0.788478
opt-350m,MeZO,1e-7,2,14,4200,8400,0.786389
opt-350m,MpSub,1e-1,0,1,25,1050,0.833914
opt-350m,MpSub,1e-1,0,2,50,2100,0.805052
opt-350m,MpSub,1e-1,0,3,75,3150,0.780842
opt-350m,MpSub,1e-1,0,4,100,4200,0.769224
opt-350m,MpSub,1e-1,0,5,125,5250,0.761837
opt-350m,MpSub,1e-1,0,6,150,6300,0.734972
opt-350m,MpSub,1e-1,0,7,175,7350,0.725865
opt-350m,MpSub,1e-1,0,8,200,8400,0.715281
opt-350m,MpSub,1e-1,1,1,25,1050,0.913065
opt-350m,MpSub,1e-1,1,2,50,2100,0.879968
opt-350m,MpSub,1e-1,1,3,75,3150,0.828172
opt-350m,MpSub,1e-1,1,4,100,4200,0.817774
opt-350m,MpSub,1e-1,1,5,125,5250,0.800661
opt-350m,MpSub,1e-1,1,6,150,6300,0.801858
opt-350m,MpSub,1e-1,1,7,175,7350,0.777756
opt-350m,MpSub,1e-1,1,8,200,8400,0.773672
opt-350m,MpSub,1e-1,2,1,25,1050,0.839699
opt-350m,MpSub,1e-1,2,2,50,2100,0.813745
opt-350m,MpSub,1e-1,2,3,75,3150,0.785356
opt-350m,MpSub,1e-1,2,4,100,4200,0.775981
opt-350m,MpSub,1e-1,2,5,125,5250,0.760775
opt-350m,MpSub,1e-1,2,6,150,6300,0.747162
opt-350m,MpSub,1e-1,2,7,175,7350,0.737383
opt-350m,MpSub,1e-1,2,8,200,8400,0.725406
